CustomerID,first_purchase,last_purchase,recency,frequency,monetary
CUST0001,"2022-01-14 12:00:00","2022-07-16 21:00:00",169,7,54285.56
CUST0002,"2022-02-22 21:00:00","2022-10-13 01:00:00",80,6,55138.16
CUST0003,"2022-01-17 11:00:00","2022-12-25 21:00:00",7,10,68649.56
CUST0004,"2022-01-15 04:00:00","2022-09-29 19:00:00",94,8,46580.80
CUST0005,"2022-01-12 04:00:00","2022-11-22 04:00:00",40,9,69262.20
CUST0006,"2022-02-01 21:00:00","2022-11-26 10:00:00",36,8,53039.42
CUST0007,"2022-07-02 00:00:00","2022-11-29 19:00:00",33,6,76718.74
CUST0008,"2022-02-07 01:00:00","2022-12-27 04:00:00",5,17,152810.84
CUST0009,"2022-01-02 13:00:00","2022-11-22 07:00:00",40,12,105415.66
CUST0010,"2022-01-24 04:00:00","2022-11-21 23:00:00",41,14,103385.94
CUST0011,"2022-01-25 03:00:00","2022-11-29 14:00:00",33,6,55599.60
CUST0012,"2022-01-31 05:00:00","2022-12-04 04:00:00",28,9,90678.56
CUST0013,"2022-01-05 11:00:00","2022-12-30 12:00:00",2,21,182215.88
CUST0014,"2022-01-14 08:00:00","2022-11-30 22:00:00",32,16,154358.68
CUST0015,"2022-04-11 15:00:00","2022-11-29 14:00:00",33,14,105999.74
CUST0016,"2022-01-25 21:00:00","2022-11-27 06:00:00",35,14,80056.90
CUST0017,"2022-01-13 20:00:00","2022-12-28 00:00:00",4,10,68573.68
CUST0018,"2022-01-02 08:00:00","2022-11-17 12:00:00",45,14,118953.52
CUST0019,"2022-01-04 18:00:00","2022-12-24 04:00:00",8,12,91883.96
CUST0020,"2022-01-10 18:00:00","2022-12-04 08:00:00",28,12,73315.06
CUST0021,"2022-02-17 03:00:00","2022-11-26 14:00:00",36,12,77328.86
CUST0022,"2022-02-02 15:00:00","2022-12-16 08:00:00",16,6,45417.96
CUST0023,"2022-02-07 21:00:00","2022-12-29 05:00:00",3,13,100035.18
CUST0024,"2022-02-06 13:00:00","2022-11-05 23:00:00",57,7,41249.04
CUST0025,"2022-01-30 14:00:00","2022-12-10 08:00:00",22,9,76008.52
CUST0026,"2022-02-08 07:00:00","2022-11-28 22:00:00",34,13,98147.56
CUST0027,"2022-01-17 19:00:00","2022-12-05 06:00:00",27,17,139418.58
CUST0028,"2022-03-08 03:00:00","2022-11-14 16:00:00",48,17,167021.12
CUST0029,"2022-01-06 04:00:00","2022-12-28 13:00:00",4,9,85404.06
CUST0030,"2022-01-11 13:00:00","2022-09-10 06:00:00",113,8,113299.62
CUST0031,"2022-01-18 11:00:00","2022-12-30 16:00:00",2,6,51235.52
CUST0032,"2022-01-16 08:00:00","2022-12-03 07:00:00",29,9,67863.74
CUST0033,"2022-03-20 06:00:00","2022-12-25 13:00:00",7,5,36018.50
CUST0034,"2022-01-13 12:00:00","2022-11-13 18:00:00",49,9,79367.12
CUST0035,"2022-01-03 10:00:00","2022-12-08 17:00:00",24,8,75998.30
CUST0036,"2022-01-13 19:00:00","2022-10-25 23:00:00",68,14,94827.46
CUST0037,"2022-01-05 13:00:00","2022-12-12 22:00:00",20,9,75760.16
CUST0038,"2022-01-25 22:00:00","2022-12-27 21:00:00",5,14,137484.48
CUST0039,"2022-01-25 21:00:00","2022-12-19 11:00:00",13,9,84655.20
CUST0040,"2022-02-01 10:00:00","2022-11-01 15:00:00",61,9,70117.60
CUST0041,"2022-01-30 15:00:00","2022-12-10 02:00:00",22,8,50639.40
CUST0042,"2022-01-17 02:00:00","2022-11-09 17:00:00",53,10,116923.94
CUST0043,"2022-01-10 18:00:00","2022-12-15 18:00:00",17,15,146400.10
CUST0044,"2022-01-09 20:00:00","2022-12-23 13:00:00",9,13,113696.38
CUST0045,"2022-01-06 08:00:00","2022-12-27 23:00:00",5,13,108396.40
CUST0046,"2022-03-01 05:00:00","2022-12-17 01:00:00",15,12,69971.58
CUST0047,"2022-01-01 22:00:00","2022-11-18 01:00:00",44,15,74378.78
CUST0048,"2022-02-08 12:00:00","2022-12-30 08:00:00",2,14,105214.62
CUST0049,"2022-01-15 14:00:00","2022-10-23 06:00:00",70,8,41188.14
CUST0050,"2022-03-29 20:00:00","2022-11-26 19:00:00",36,11,110665.10
CUST0051,"2022-01-21 15:00:00","2022-12-03 07:00:00",29,11,64183.56
CUST0052,"2022-01-22 22:00:00","2022-12-15 10:00:00",17,10,73803.24
CUST0053,"2022-02-04 05:00:00","2022-12-01 06:00:00",31,12,67471.88
CUST0054,"2022-01-03 18:00:00","2022-11-13 23:00:00",49,8,51482.48
CUST0055,"2022-02-11 17:00:00","2022-12-01 10:00:00",31,8,64971.76
CUST0056,"2022-02-10 23:00:00","2022-11-19 09:00:00",43,11,48434.54
CUST0057,"2022-01-13 09:00:00","2022-10-22 13:00:00",71,13,135034.62
CUST0058,"2022-01-10 04:00:00","2022-09-01 08:00:00",122,6,47050.92
CUST0059,"2022-01-03 17:00:00","2022-11-29 04:00:00",33,11,94592.54
CUST0060,"2022-01-01 04:00:00","2022-12-29 23:00:00",3,12,101296.02
CUST0061,"2022-05-03 13:00:00","2022-11-25 04:00:00",37,8,58273.18
CUST0062,"2022-02-10 13:00:00","2022-11-06 06:00:00",56,11,101180.38
CUST0063,"2022-01-09 00:00:00","2022-11-17 17:00:00",45,10,83243.30
CUST0064,"2022-05-09 09:00:00","2022-10-26 04:00:00",67,6,56246.82
CUST0065,"2022-03-01 07:00:00","2022-12-24 01:00:00",8,11,99085.84
CUST0066,"2022-01-23 22:00:00","2022-12-11 22:00:00",21,8,58869.30
CUST0067,"2022-01-21 14:00:00","2022-12-05 18:00:00",27,12,55631.66
CUST0068,"2022-02-04 16:00:00","2022-12-22 14:00:00",10,13,139748.14
CUST0069,"2022-02-02 16:00:00","2022-11-29 04:00:00",33,13,95467.96
CUST0070,"2022-02-11 08:00:00","2022-12-17 18:00:00",15,8,102410.70
CUST0071,"2022-02-25 20:00:00","2022-12-22 04:00:00",10,13,122895.92
CUST0072,"2022-02-20 20:00:00","2022-12-22 16:00:00",10,15,142313.50
CUST0073,"2022-04-02 02:00:00","2022-09-03 12:00:00",120,7,64903.16
CUST0074,"2022-01-13 17:00:00","2022-12-04 14:00:00",28,11,89300.26
CUST0075,"2022-01-21 10:00:00","2022-12-30 21:00:00",2,7,60937.66
CUST0076,"2022-04-17 09:00:00","2022-11-04 13:00:00",58,8,59787.28
CUST0077,"2022-01-02 02:00:00","2022-09-29 07:00:00",94,13,74362.96
CUST0078,"2022-01-20 22:00:00","2022-12-21 08:00:00",11,19,123325.72
CUST0079,"2022-02-03 17:00:00","2022-12-28 12:00:00",4,11,75190.78
CUST0080,"2022-02-06 13:00:00","2022-11-09 06:00:00",53,10,108319.12
CUST0081,"2022-05-08 04:00:00","2022-12-07 03:00:00",25,13,125195.98
CUST0082,"2022-01-11 16:00:00","2022-11-05 06:00:00",57,7,60159.54
CUST0083,"2022-02-06 09:00:00","2022-12-30 09:00:00",2,12,115718.26
CUST0084,"2022-01-12 13:00:00","2022-12-15 11:00:00",17,14,137436.60
CUST0085,"2022-04-11 02:00:00","2022-09-15 16:00:00",108,7,68194.84
CUST0086,"2022-03-01 06:00:00","2022-12-20 22:00:00",12,11,118961.64
CUST0087,"2022-01-13 06:00:00","2022-11-20 18:00:00",42,14,90224.54
CUST0088,"2022-01-10 13:00:00","2022-12-10 04:00:00",22,7,64194.06
CUST0089,"2022-03-31 19:00:00","2022-08-21 15:00:00",133,5,42350.28
CUST0090,"2022-03-14 08:00:00","2022-12-19 21:00:00",13,8,31528.28
CUST0091,"2022-01-22 04:00:00","2022-12-17 15:00:00",15,11,66011.82
CUST0092,"2022-02-03 05:00:00","2022-12-08 01:00:00",24,7,47586.00
CUST0093,"2022-02-10 12:00:00","2022-09-27 23:00:00",96,8,69793.22
CUST0094,"2022-02-17 18:00:00","2022-12-19 14:00:00",13,11,123744.18
CUST0095,"2022-01-22 08:00:00","2022-12-01 17:00:00",31,10,52827.88
CUST0096,"2022-01-07 21:00:00","2022-11-21 01:00:00",41,10,147249.06
CUST0097,"2022-03-02 00:00:00","2022-11-06 21:00:00",56,6,34569.78
CUST0098,"2022-03-07 18:00:00","2022-12-27 01:00:00",5,9,59575.18
CUST0099,"2022-01-31 10:00:00","2022-11-27 13:00:00",35,10,76075.58
CUST0100,"2022-04-21 06:00:00","2022-12-29 20:00:00",3,6,42755.44
CUST0101,"2022-01-04 15:00:00","2022-10-20 19:00:00",73,9,88983.72
CUST0102,"2022-01-23 13:00:00","2022-12-16 02:00:00",16,11,113683.22
CUST0103,"2022-01-07 01:00:00","2022-12-15 01:00:00",17,10,84295.96
CUST0104,"2022-01-02 01:00:00","2022-11-28 15:00:00",34,12,98917.14
CUST0105,"2022-02-26 23:00:00","2022-12-17 14:00:00",15,13,66242.12
CUST0106,"2022-01-07 18:00:00","2022-12-20 16:00:00",12,13,76677.58
CUST0107,"2022-01-11 02:00:00","2022-12-18 23:00:00",14,15,112569.38
CUST0108,"2022-01-11 16:00:00","2022-12-27 10:00:00",5,16,123572.12
CUST0109,"2022-01-16 11:00:00","2022-10-24 23:00:00",69,12,61267.92
CUST0110,"2022-01-07 07:00:00","2022-12-28 20:00:00",4,8,41354.74
CUST0111,"2022-01-13 10:00:00","2022-12-22 01:00:00",10,14,78355.34
CUST0112,"2022-02-04 19:00:00","2022-11-28 06:00:00",34,11,94826.90
CUST0113,"2022-03-02 23:00:00","2022-12-13 20:00:00",19,9,60723.74
CUST0114,"2022-01-29 06:00:00","2022-05-29 15:00:00",217,7,43672.16
CUST0115,"2022-01-16 12:00:00","2022-11-18 23:00:00",44,13,113845.90
CUST0116,"2022-02-18 22:00:00","2022-11-12 05:00:00",50,10,74644.08
CUST0117,"2022-01-11 06:00:00","2022-11-25 03:00:00",37,9,79300.48
CUST0118,"2022-01-30 23:00:00","2022-11-30 23:00:00",32,6,76823.18
CUST0119,"2022-01-10 19:00:00","2022-07-21 01:00:00",164,5,39705.54
CUST0120,"2022-02-09 03:00:00","2022-12-24 10:00:00",8,16,163601.90
CUST0121,"2022-02-15 19:00:00","2022-12-18 09:00:00",14,10,58422.70
CUST0122,"2022-01-24 17:00:00","2022-12-24 16:00:00",8,8,36060.92
CUST0123,"2022-01-06 20:00:00","2022-11-13 23:00:00",49,7,80440.64
CUST0124,"2022-04-06 09:00:00","2022-12-01 16:00:00",31,8,97778.80
CUST0125,"2022-05-22 05:00:00","2022-09-06 14:00:00",117,7,41816.04
CUST0126,"2022-01-21 18:00:00","2022-10-11 07:00:00",82,8,100451.96
CUST0127,"2022-01-06 12:00:00","2022-06-10 10:00:00",205,4,40817.56
CUST0128,"2022-01-14 05:00:00","2022-12-17 19:00:00",15,12,75198.48
CUST0129,"2022-03-24 18:00:00","2022-12-26 04:00:00",6,4,24508.82
CUST0130,"2022-02-07 16:00:00","2022-10-12 23:00:00",81,7,42371.42
CUST0131,"2022-01-27 15:00:00","2022-07-10 07:00:00",175,8,45875.76
CUST0132,"2022-01-27 01:00:00","2022-08-19 14:00:00",135,12,87977.12
CUST0133,"2022-02-04 22:00:00","2022-12-26 11:00:00",6,11,99189.86
CUST0134,"2022-02-18 16:00:00","2022-12-26 01:00:00",6,14,109772.88
CUST0135,"2022-01-08 23:00:00","2022-11-25 08:00:00",37,12,105955.22
CUST0136,"2022-04-06 04:00:00","2022-12-09 08:00:00",23,8,89386.78
CUST0137,"2022-02-23 19:00:00","2022-12-25 06:00:00",7,9,55608.98
CUST0138,"2022-04-06 22:00:00","2022-12-19 09:00:00",13,7,47839.68
CUST0139,"2022-01-12 06:00:00","2022-12-18 07:00:00",14,6,38909.92
CUST0140,"2022-01-31 17:00:00","2022-11-11 09:00:00",51,9,93218.86
CUST0141,"2022-03-30 06:00:00","2022-11-30 13:00:00",32,13,104163.64
CUST0142,"2022-02-01 13:00:00","2022-12-27 08:00:00",5,13,142657.48
CUST0143,"2022-01-04 01:00:00","2022-12-24 11:00:00",8,8,64281.70
CUST0144,"2022-03-11 17:00:00","2022-11-19 18:00:00",43,9,54942.72
CUST0145,"2022-02-02 00:00:00","2022-08-16 23:00:00",138,5,43320.90
CUST0146,"2022-03-15 18:00:00","2022-12-08 21:00:00",24,13,137158.14
CUST0147,"2022-01-16 04:00:00","2022-12-10 00:00:00",22,13,128404.64
CUST0148,"2022-01-02 12:00:00","2022-11-24 01:00:00",38,5,58438.24
CUST0149,"2022-02-01 16:00:00","2022-11-28 12:00:00",34,13,100968.84
CUST0150,"2022-01-01 01:00:00","2022-12-20 16:00:00",12,8,76243.58
CUST0151,"2022-02-14 13:00:00","2022-12-28 05:00:00",4,5,48015.10
CUST0152,"2022-04-07 09:00:00","2022-12-01 16:00:00",31,13,114414.02
CUST0153,"2022-01-20 06:00:00","2022-11-29 05:00:00",33,2,21430.36
CUST0154,"2022-01-17 02:00:00","2022-12-30 08:00:00",2,9,109252.64
CUST0155,"2022-01-21 16:00:00","2022-12-12 18:00:00",20,10,58111.76
CUST0156,"2022-02-03 18:00:00","2022-12-04 23:00:00",28,10,113846.74
CUST0157,"2022-01-24 13:00:00","2022-11-29 21:00:00",33,10,72069.34
CUST0158,"2022-01-18 06:00:00","2022-11-27 19:00:00",35,8,63014.98
CUST0159,"2022-01-24 04:00:00","2022-10-25 18:00:00",68,8,42952.98
CUST0160,"2022-02-12 07:00:00","2022-12-27 06:00:00",5,7,64894.06
CUST0161,"2022-02-07 16:00:00","2022-12-18 06:00:00",14,10,58668.96
CUST0162,"2022-01-28 06:00:00","2022-11-14 04:00:00",48,10,83321.00
CUST0163,"2022-01-01 02:00:00","2022-11-15 08:00:00",47,5,36014.58
CUST0164,"2022-01-13 06:00:00","2022-12-06 23:00:00",26,9,71899.66
CUST0165,"2022-01-16 11:00:00","2022-12-22 06:00:00",10,11,100070.32
CUST0166,"2022-01-15 22:00:00","2022-12-03 09:00:00",29,12,60068.82
CUST0167,"2022-03-08 05:00:00","2022-12-22 20:00:00",10,9,57189.44
CUST0168,"2022-01-03 23:00:00","2022-11-24 17:00:00",38,15,93037.14
CUST0169,"2022-02-28 11:00:00","2022-12-21 20:00:00",11,9,65359.42
CUST0170,"2022-01-13 22:00:00","2022-11-28 09:00:00",34,7,73681.86
CUST0171,"2022-04-16 03:00:00","2022-12-16 23:00:00",16,7,51662.10
CUST0172,"2022-01-22 11:00:00","2022-12-02 20:00:00",30,15,151573.52
CUST0173,"2022-01-23 19:00:00","2022-08-03 23:00:00",151,10,83848.24
CUST0174,"2022-02-04 02:00:00","2022-12-27 16:00:00",5,10,94432.94
CUST0175,"2022-01-10 21:00:00","2022-11-21 19:00:00",41,14,97599.88
CUST0176,"2022-01-11 10:00:00","2022-12-21 06:00:00",11,13,115445.68
CUST0177,"2022-04-23 01:00:00","2022-08-20 08:00:00",134,6,52794.42
CUST0178,"2022-01-08 10:00:00","2022-11-17 09:00:00",45,11,87305.54
CUST0179,"2022-05-03 06:00:00","2022-10-27 16:00:00",66,9,114110.36
CUST0180,"2022-01-12 19:00:00","2022-11-06 06:00:00",56,13,130930.24
CUST0181,"2022-02-24 10:00:00","2022-12-26 19:00:00",6,8,68641.58
CUST0182,"2022-01-09 17:00:00","2022-09-24 17:00:00",99,9,68393.50
CUST0183,"2022-01-28 21:00:00","2022-12-25 01:00:00",7,9,71236.76
CUST0184,"2022-01-08 10:00:00","2022-08-03 02:00:00",151,6,60856.46
CUST0185,"2022-01-10 07:00:00","2022-12-10 03:00:00",22,11,120683.36
CUST0186,"2022-05-02 04:00:00","2022-12-26 18:00:00",6,11,71926.68
CUST0187,"2022-02-17 01:00:00","2022-12-05 11:00:00",27,9,73486.42
CUST0188,"2022-02-14 18:00:00","2022-12-18 22:00:00",14,9,62361.04
CUST0189,"2022-01-28 13:00:00","2022-10-30 01:00:00",63,9,78880.20
CUST0190,"2022-01-21 13:00:00","2022-11-16 22:00:00",46,5,78225.14
CUST0191,"2022-01-14 17:00:00","2022-12-06 10:00:00",26,11,104244.28
CUST0192,"2022-01-11 09:00:00","2022-12-17 11:00:00",15,8,51079.98
CUST0193,"2022-01-04 08:00:00","2022-10-19 14:00:00",74,13,114750.16
CUST0194,"2022-01-22 02:00:00","2022-09-12 19:00:00",111,12,67240.32
CUST0195,"2022-02-06 16:00:00","2022-10-28 06:00:00",65,4,40252.66
CUST0196,"2022-01-01 21:00:00","2022-12-02 15:00:00",30,12,100071.30
CUST0197,"2022-04-21 11:00:00","2022-10-13 05:00:00",80,7,57698.06
CUST0198,"2022-01-23 20:00:00","2022-10-07 08:00:00",86,6,62633.34
CUST0199,"2022-02-12 09:00:00","2022-12-29 17:00:00",3,10,72164.82
CUST0200,"2022-01-08 03:00:00","2022-12-13 03:00:00",19,7,52566.64
CUST0201,"2022-01-14 17:00:00","2022-11-06 04:00:00",56,9,114632.56
CUST0202,"2022-01-11 02:00:00","2022-11-08 14:00:00",54,10,98947.38
CUST0203,"2022-03-01 21:00:00","2022-11-09 10:00:00",53,9,54157.18
CUST0204,"2022-01-31 23:00:00","2022-12-03 10:00:00",29,10,81199.72
CUST0205,"2022-01-10 17:00:00","2022-12-21 02:00:00",11,8,65646.42
CUST0206,"2022-02-16 14:00:00","2022-11-12 06:00:00",50,9,46491.76
CUST0207,"2022-01-23 06:00:00","2022-12-21 05:00:00",11,10,93002.42
CUST0208,"2022-01-30 17:00:00","2022-11-29 16:00:00",33,10,48935.46
CUST0209,"2022-01-20 14:00:00","2022-12-21 09:00:00",11,9,84394.24
CUST0210,"2022-02-15 01:00:00","2022-12-14 12:00:00",18,13,87624.32
CUST0211,"2022-01-21 21:00:00","2022-08-21 17:00:00",133,6,33167.40
CUST0212,"2022-03-10 03:00:00","2022-10-30 14:00:00",63,8,64010.94
CUST0213,"2022-02-24 20:00:00","2022-12-25 00:00:00",7,12,101145.52
CUST0214,"2022-01-08 15:00:00","2022-11-30 15:00:00",32,14,115683.26
CUST0215,"2022-01-15 07:00:00","2022-12-23 14:00:00",9,10,130055.66
CUST0216,"2022-01-07 10:00:00","2022-11-21 12:00:00",41,9,81755.66
CUST0217,"2022-01-14 13:00:00","2022-11-30 04:00:00",32,10,84879.62
CUST0218,"2022-01-08 04:00:00","2022-12-04 02:00:00",28,8,114110.92
CUST0219,"2022-02-03 09:00:00","2022-10-26 10:00:00",67,8,71367.52
CUST0220,"2022-01-10 11:00:00","2022-12-05 01:00:00",27,14,150207.54
CUST0221,"2022-02-01 01:00:00","2022-12-21 01:00:00",11,14,128222.64
CUST0222,"2022-01-06 06:00:00","2022-10-22 04:00:00",71,10,93098.60
CUST0223,"2022-03-13 20:00:00","2022-11-30 17:00:00",32,5,48061.58
CUST0224,"2022-01-16 15:00:00","2022-12-16 05:00:00",16,10,71098.16
CUST0225,"2022-04-16 00:00:00","2022-12-16 02:00:00",16,7,79137.10
CUST0226,"2022-01-26 00:00:00","2022-11-29 02:00:00",33,7,49385.00
CUST0227,"2022-01-18 13:00:00","2022-11-01 18:00:00",61,12,80730.44
CUST0228,"2022-01-11 00:00:00","2022-12-07 00:00:00",25,13,167066.48
CUST0229,"2022-03-26 08:00:00","2022-12-18 21:00:00",14,6,35749.70
CUST0230,"2022-01-01 07:00:00","2022-12-25 14:00:00",7,9,40080.74
CUST0231,"2022-01-26 07:00:00","2022-12-23 07:00:00",9,12,101720.64
CUST0232,"2022-01-29 15:00:00","2022-12-08 23:00:00",24,9,51117.36
CUST0233,"2022-06-18 23:00:00","2022-12-12 03:00:00",20,7,65421.16
CUST0234,"2022-01-01 11:00:00","2022-12-24 19:00:00",8,11,76532.82
CUST0235,"2022-01-06 23:00:00","2022-12-25 17:00:00",7,5,66005.10
CUST0236,"2022-04-01 09:00:00","2022-12-15 20:00:00",17,12,111865.60
CUST0237,"2022-02-11 04:00:00","2022-11-20 14:00:00",42,9,70308.00
CUST0238,"2022-01-23 12:00:00","2022-09-10 23:00:00",113,6,42335.86
CUST0239,"2022-01-14 06:00:00","2022-12-04 16:00:00",28,8,22816.64
CUST0240,"2022-02-02 19:00:00","2022-11-05 00:00:00",57,13,86357.74
CUST0241,"2022-03-07 07:00:00","2022-12-26 14:00:00",6,8,41411.58
CUST0242,"2022-02-23 22:00:00","2022-12-24 13:00:00",8,9,74771.34
CUST0243,"2022-02-10 14:00:00","2022-11-25 00:00:00",37,10,91937.44
CUST0244,"2022-02-12 11:00:00","2022-12-16 02:00:00",16,12,75748.26
CUST0245,"2022-01-28 23:00:00","2022-11-07 12:00:00",55,20,193788.14
CUST0246,"2022-02-16 01:00:00","2022-12-22 14:00:00",10,9,88928.42
CUST0247,"2022-03-20 07:00:00","2022-12-21 22:00:00",11,7,32068.12
CUST0248,"2022-03-20 12:00:00","2022-11-27 13:00:00",35,8,63277.76
CUST0249,"2022-01-16 18:00:00","2022-10-24 12:00:00",69,13,124979.68
CUST0250,"2022-02-22 00:00:00","2022-12-15 10:00:00",17,13,113385.44
CUST0251,"2022-01-05 12:00:00","2022-11-27 20:00:00",35,10,103984.72
CUST0252,"2022-01-03 12:00:00","2022-12-26 20:00:00",6,13,96217.52
CUST0253,"2022-01-08 07:00:00","2022-12-15 19:00:00",17,8,48321.56
CUST0254,"2022-04-11 10:00:00","2022-11-24 19:00:00",38,10,68793.20
CUST0255,"2022-01-21 09:00:00","2022-11-28 07:00:00",34,15,84386.82
CUST0256,"2022-01-18 13:00:00","2022-10-27 16:00:00",66,14,113348.62
CUST0257,"2022-01-17 22:00:00","2022-10-23 02:00:00",70,9,72716.00
CUST0258,"2022-01-30 20:00:00","2022-12-22 00:00:00",10,13,77461.86
CUST0259,"2022-01-17 02:00:00","2022-12-03 06:00:00",29,11,118962.06
CUST0260,"2022-03-21 04:00:00","2022-12-17 17:00:00",15,10,110482.68
CUST0261,"2022-02-22 02:00:00","2022-12-22 13:00:00",10,8,67011.56
CUST0262,"2022-01-01 16:00:00","2022-12-26 08:00:00",6,11,67124.82
CUST0263,"2022-01-07 07:00:00","2022-12-10 18:00:00",22,15,123256.70
CUST0264,"2022-01-17 06:00:00","2022-11-23 00:00:00",39,10,97278.72
CUST0265,"2022-01-05 04:00:00","2022-12-16 07:00:00",16,10,117328.96
CUST0266,"2022-02-08 23:00:00","2022-09-12 07:00:00",111,9,90355.86
CUST0267,"2022-02-22 11:00:00","2022-11-28 17:00:00",34,6,64082.06
CUST0268,"2022-01-06 22:00:00","2022-11-15 10:00:00",47,8,74139.94
CUST0269,"2022-01-17 16:00:00","2022-10-19 12:00:00",74,9,99631.14
CUST0270,"2022-01-29 09:00:00","2022-12-20 07:00:00",12,8,48484.80
CUST0271,"2022-03-06 03:00:00","2022-12-27 15:00:00",5,12,53627.42
CUST0272,"2022-02-03 16:00:00","2022-09-19 05:00:00",104,11,67699.80
CUST0273,"2022-01-15 07:00:00","2022-12-09 08:00:00",23,15,144830.70
CUST0274,"2022-03-02 20:00:00","2022-11-06 17:00:00",56,7,82793.34
CUST0275,"2022-04-30 11:00:00","2022-12-29 11:00:00",3,12,106380.68
CUST0276,"2022-01-31 06:00:00","2022-12-25 19:00:00",7,13,127695.12
CUST0277,"2022-02-04 02:00:00","2022-12-26 06:00:00",6,11,76322.40
CUST0278,"2022-01-07 04:00:00","2022-12-06 14:00:00",26,12,90745.48
CUST0279,"2022-01-15 22:00:00","2022-12-08 02:00:00",24,9,68943.14
CUST0280,"2022-01-19 21:00:00","2022-10-03 05:00:00",90,15,115121.72
CUST0281,"2022-01-11 15:00:00","2022-11-20 21:00:00",42,14,142247.98
CUST0282,"2022-02-20 09:00:00","2022-12-04 01:00:00",28,15,107692.48
CUST0283,"2022-01-05 00:00:00","2022-12-07 00:00:00",25,9,85968.54
CUST0284,"2022-03-15 11:00:00","2022-12-26 09:00:00",6,7,63716.66
CUST0285,"2022-01-07 09:00:00","2022-09-27 19:00:00",96,6,34425.30
CUST0286,"2022-01-06 00:00:00","2022-12-14 02:00:00",18,12,98032.62
CUST0287,"2022-01-10 16:00:00","2022-12-24 04:00:00",8,9,95525.08
CUST0288,"2022-01-17 20:00:00","2022-11-08 01:00:00",54,7,75798.24
CUST0289,"2022-01-21 22:00:00","2022-12-13 03:00:00",19,10,84606.90
CUST0290,"2022-02-03 23:00:00","2022-12-28 07:00:00",4,13,106763.30
CUST0291,"2022-02-21 08:00:00","2022-10-02 06:00:00",91,7,48625.78
CUST0292,"2022-01-11 04:00:00","2022-12-22 11:00:00",10,5,50578.78
CUST0293,"2022-02-03 12:00:00","2022-12-19 21:00:00",13,11,78974.14
CUST0294,"2022-02-11 20:00:00","2022-12-25 01:00:00",7,15,165451.86
CUST0295,"2022-01-04 04:00:00","2022-11-02 19:00:00",60,9,132608.56
CUST0296,"2022-02-05 21:00:00","2022-12-29 09:00:00",3,12,140216.02
CUST0297,"2022-01-16 22:00:00","2022-12-22 04:00:00",10,8,57145.62
CUST0298,"2022-01-30 13:00:00","2022-12-03 20:00:00",29,9,89631.36
CUST0299,"2022-04-01 21:00:00","2022-12-21 19:00:00",11,4,21712.18
CUST0300,"2022-01-08 19:00:00","2022-12-12 21:00:00",20,13,102190.34
CUST0301,"2022-01-03 16:00:00","2022-11-20 07:00:00",42,11,62976.34
CUST0302,"2022-02-14 23:00:00","2022-12-21 18:00:00",11,6,55043.10
CUST0303,"2022-01-06 00:00:00","2022-11-04 09:00:00",58,13,127330.14
CUST0304,"2022-01-25 23:00:00","2022-11-30 20:00:00",32,17,126176.26
CUST0305,"2022-01-29 08:00:00","2022-07-18 21:00:00",167,4,28935.62
CUST0306,"2022-02-09 18:00:00","2022-12-10 11:00:00",22,14,115308.06
CUST0307,"2022-02-20 23:00:00","2022-12-17 20:00:00",15,12,87465.42
CUST0308,"2022-02-12 07:00:00","2022-12-09 01:00:00",23,12,92212.96
CUST0309,"2022-01-03 18:00:00","2022-10-26 12:00:00",67,13,127088.08
CUST0310,"2022-01-01 18:00:00","2022-12-26 17:00:00",6,12,103292.56
CUST0311,"2022-02-01 11:00:00","2022-12-16 10:00:00",16,10,91719.74
CUST0312,"2022-01-03 08:00:00","2022-12-12 17:00:00",20,12,81461.10
CUST0313,"2022-01-03 07:00:00","2022-10-25 01:00:00",68,8,67518.22
CUST0314,"2022-01-15 19:00:00","2022-11-23 14:00:00",39,9,50091.16
CUST0315,"2022-05-15 21:00:00","2022-09-08 04:00:00",115,4,15557.50
CUST0316,"2022-02-28 15:00:00","2022-12-30 21:00:00",2,16,107625.70
CUST0317,"2022-02-18 18:00:00","2022-11-29 22:00:00",33,5,36311.24
CUST0318,"2022-01-24 03:00:00","2022-12-12 16:00:00",20,12,85157.10
CUST0319,"2022-02-15 21:00:00","2022-10-23 19:00:00",70,6,66620.68
CUST0320,"2022-03-04 21:00:00","2022-11-20 22:00:00",42,13,115997.00
CUST0321,"2022-01-19 05:00:00","2022-12-18 21:00:00",14,12,115994.62
CUST0322,"2022-01-01 12:00:00","2022-10-20 04:00:00",73,13,108417.54
CUST0323,"2022-01-27 10:00:00","2022-08-24 03:00:00",130,3,26101.60
CUST0324,"2022-01-28 08:00:00","2022-12-14 00:00:00",18,7,20316.52
CUST0325,"2022-03-27 12:00:00","2022-12-03 16:00:00",29,13,115639.58
CUST0326,"2022-02-16 12:00:00","2022-11-11 21:00:00",51,8,78546.30
CUST0327,"2022-02-13 16:00:00","2022-11-10 20:00:00",52,7,37569.00
CUST0328,"2022-02-11 23:00:00","2022-12-20 21:00:00",12,11,74530.26
CUST0329,"2022-01-05 08:00:00","2022-11-07 01:00:00",55,9,65970.10
CUST0330,"2022-03-05 03:00:00","2022-12-04 18:00:00",28,7,69454.70
CUST0331,"2022-01-18 08:00:00","2022-12-07 09:00:00",25,8,68803.14
CUST0332,"2022-01-26 15:00:00","2022-12-22 01:00:00",10,10,101995.04
CUST0333,"2022-01-27 01:00:00","2022-11-30 08:00:00",32,14,72608.76
CUST0334,"2022-01-24 09:00:00","2022-12-21 02:00:00",11,11,76499.50
CUST0335,"2022-02-01 16:00:00","2022-12-19 08:00:00",13,9,128476.32
CUST0336,"2022-01-01 10:00:00","2022-12-31 00:00:00",1,13,80960.74
CUST0337,"2022-01-07 01:00:00","2022-11-16 13:00:00",46,14,122900.96
CUST0338,"2022-01-24 22:00:00","2022-12-30 06:00:00",2,8,64543.50
CUST0339,"2022-02-01 22:00:00","2022-10-28 18:00:00",65,10,75449.36
CUST0340,"2022-01-04 09:00:00","2022-07-12 23:00:00",173,7,69142.64
CUST0341,"2022-02-21 20:00:00","2022-11-07 10:00:00",55,10,82055.12
CUST0342,"2022-01-10 09:00:00","2022-12-18 20:00:00",14,16,180208.28
CUST0343,"2022-02-03 23:00:00","2022-12-28 19:00:00",4,13,141584.52
CUST0344,"2022-01-24 08:00:00","2022-11-17 10:00:00",45,12,79290.68
CUST0345,"2022-01-18 07:00:00","2022-11-01 01:00:00",61,9,67286.94
CUST0346,"2022-02-26 15:00:00","2022-09-16 08:00:00",107,10,56261.38
CUST0347,"2022-01-30 21:00:00","2022-09-04 00:00:00",119,7,79730.14
CUST0348,"2022-02-24 13:00:00","2022-11-28 08:00:00",34,12,85949.64
CUST0349,"2022-02-08 07:00:00","2022-12-03 17:00:00",29,8,57751.96
CUST0350,"2022-01-06 02:00:00","2022-10-31 15:00:00",62,8,115949.82
CUST0351,"2022-01-24 07:00:00","2022-12-26 22:00:00",6,9,65778.58
CUST0352,"2022-01-01 11:00:00","2022-12-11 01:00:00",21,11,63368.76
CUST0353,"2022-01-10 08:00:00","2022-12-14 18:00:00",18,12,77720.16
CUST0354,"2022-04-23 02:00:00","2022-12-29 17:00:00",3,7,42672.98
CUST0355,"2022-01-30 10:00:00","2022-09-25 23:00:00",98,6,50423.10
CUST0356,"2022-01-10 07:00:00","2022-12-03 03:00:00",29,14,90755.42
CUST0357,"2022-01-15 04:00:00","2022-10-10 14:00:00",83,14,105969.50
CUST0358,"2022-02-12 00:00:00","2022-09-04 13:00:00",119,10,70987.98
CUST0359,"2022-02-14 23:00:00","2022-12-02 15:00:00",30,9,84126.98
CUST0360,"2022-01-05 09:00:00","2022-11-11 09:00:00",51,11,80687.04
CUST0361,"2022-02-03 00:00:00","2022-12-20 08:00:00",12,11,82783.54
CUST0362,"2022-01-14 16:00:00","2022-12-13 21:00:00",19,12,99763.16
CUST0363,"2022-01-03 19:00:00","2022-12-13 12:00:00",19,10,63640.92
CUST0364,"2022-02-10 14:00:00","2022-12-28 07:00:00",4,7,52185.14
CUST0365,"2022-04-29 06:00:00","2022-11-17 08:00:00",45,6,87821.02
CUST0366,"2022-01-24 08:00:00","2022-12-27 12:00:00",5,8,71853.46
CUST0367,"2022-04-23 19:00:00","2022-12-11 17:00:00",21,7,68205.48
CUST0368,"2022-01-24 12:00:00","2022-12-27 15:00:00",5,12,73724.00
CUST0369,"2022-01-19 14:00:00","2022-12-22 14:00:00",10,12,74073.86
CUST0370,"2022-03-10 09:00:00","2022-12-28 08:00:00",4,9,84094.08
CUST0371,"2022-03-30 19:00:00","2022-12-26 17:00:00",6,8,89211.22
CUST0372,"2022-01-12 08:00:00","2022-12-02 10:00:00",30,10,46539.08
CUST0373,"2022-01-21 20:00:00","2022-12-30 08:00:00",2,13,88093.88
CUST0374,"2022-02-19 13:00:00","2022-12-22 09:00:00",10,12,99574.72
CUST0375,"2022-01-30 05:00:00","2022-12-30 07:00:00",2,11,77431.90
CUST0376,"2022-03-07 03:00:00","2022-12-30 00:00:00",2,10,74250.40
CUST0377,"2022-01-02 21:00:00","2022-09-26 21:00:00",97,9,71718.36
CUST0378,"2022-01-27 12:00:00","2022-10-20 17:00:00",73,11,85211.00
CUST0379,"2022-01-25 09:00:00","2022-11-28 18:00:00",34,10,108269.42
CUST0380,"2022-03-05 02:00:00","2022-10-13 17:00:00",80,9,69529.74
CUST0381,"2022-01-08 22:00:00","2022-12-11 05:00:00",21,8,82391.54
CUST0382,"2022-01-28 19:00:00","2022-12-26 19:00:00",6,9,105909.72
CUST0383,"2022-02-03 06:00:00","2022-07-09 16:00:00",176,12,89871.74
CUST0384,"2022-01-11 03:00:00","2022-12-10 20:00:00",22,10,77890.26
CUST0385,"2022-02-20 03:00:00","2022-09-14 08:00:00",109,8,54748.40
CUST0386,"2022-01-30 16:00:00","2022-12-01 06:00:00",31,12,94551.80
CUST0387,"2022-02-27 19:00:00","2022-11-16 02:00:00",46,12,125374.34
CUST0388,"2022-02-20 14:00:00","2022-12-30 01:00:00",2,7,42352.94
CUST0389,"2022-01-12 18:00:00","2022-12-16 12:00:00",16,12,86948.12
CUST0390,"2022-01-29 12:00:00","2022-12-29 09:00:00",3,10,90180.02
CUST0391,"2022-01-08 11:00:00","2022-09-26 15:00:00",97,5,34734.42
CUST0392,"2022-06-16 08:00:00","2022-12-09 11:00:00",23,5,50995.84
CUST0393,"2022-01-10 08:00:00","2022-09-12 16:00:00",111,10,102760.98
CUST0394,"2022-01-27 17:00:00","2022-12-23 03:00:00",9,5,24332.56
CUST0395,"2022-01-10 22:00:00","2022-12-04 17:00:00",28,10,85967.00
CUST0396,"2022-01-24 12:00:00","2022-12-02 12:00:00",30,12,87744.44
CUST0397,"2022-01-28 18:00:00","2022-12-13 10:00:00",19,13,94577.28
CUST0398,"2022-01-17 09:00:00","2022-12-28 17:00:00",4,12,50734.32
CUST0399,"2022-01-23 16:00:00","2022-12-19 00:00:00",13,9,74440.66
CUST0400,"2022-04-12 16:00:00","2022-11-03 01:00:00",59,6,38200.26
CUST0401,"2022-01-19 09:00:00","2022-12-19 01:00:00",13,13,102891.46
CUST0402,"2022-01-09 17:00:00","2022-12-17 02:00:00",15,8,32073.58
CUST0403,"2022-01-03 23:00:00","2022-12-29 20:00:00",3,7,60736.90
CUST0404,"2022-01-06 09:00:00","2022-11-17 21:00:00",45,11,96110.28
CUST0405,"2022-01-04 02:00:00","2022-12-19 02:00:00",13,11,91316.96
CUST0406,"2022-01-12 00:00:00","2022-12-25 02:00:00",7,6,40854.94
CUST0407,"2022-01-06 18:00:00","2022-12-22 12:00:00",10,12,68687.92
CUST0408,"2022-01-04 17:00:00","2022-10-29 14:00:00",64,11,121873.50
CUST0409,"2022-01-05 22:00:00","2022-11-20 17:00:00",42,11,78839.04
CUST0410,"2022-03-05 12:00:00","2022-11-03 14:00:00",59,10,52526.46
CUST0411,"2022-03-04 07:00:00","2022-11-20 16:00:00",42,11,94148.60
CUST0412,"2022-02-10 09:00:00","2022-11-04 00:00:00",58,10,97182.40
CUST0413,"2022-01-20 08:00:00","2022-09-09 01:00:00",114,10,96658.38
CUST0414,"2022-02-17 01:00:00","2022-11-04 04:00:00",58,8,51796.92
CUST0415,"2022-01-30 20:00:00","2022-12-17 12:00:00",15,9,35864.64
CUST0416,"2022-02-01 01:00:00","2022-12-26 11:00:00",6,6,62760.18
CUST0417,"2022-02-05 05:00:00","2022-12-23 19:00:00",9,10,94802.40
CUST0418,"2022-03-04 02:00:00","2022-11-18 05:00:00",44,11,90086.22
CUST0419,"2022-01-28 23:00:00","2022-11-07 07:00:00",55,13,116809.84
CUST0420,"2022-03-18 00:00:00","2022-12-17 00:00:00",15,10,97194.72
CUST0421,"2022-02-21 18:00:00","2022-12-18 20:00:00",14,10,70961.80
CUST0422,"2022-01-28 11:00:00","2022-11-21 09:00:00",41,10,56763.84
CUST0423,"2022-01-10 17:00:00","2022-12-29 13:00:00",3,13,98779.94
CUST0424,"2022-04-26 14:00:00","2022-11-09 04:00:00",53,7,63050.96
CUST0425,"2022-01-12 13:00:00","2022-11-02 05:00:00",60,9,92706.46
CUST0426,"2022-01-03 00:00:00","2022-11-17 21:00:00",45,9,83630.26
CUST0427,"2022-02-14 23:00:00","2022-11-18 23:00:00",44,7,43133.02
CUST0428,"2022-01-07 20:00:00","2022-12-22 19:00:00",10,14,106022.70
CUST0429,"2022-04-06 04:00:00","2022-11-30 15:00:00",32,13,75218.22
CUST0430,"2022-01-07 00:00:00","2022-11-06 04:00:00",56,10,79664.76
CUST0431,"2022-01-01 12:00:00","2022-12-05 07:00:00",27,10,80558.24
CUST0432,"2022-01-06 23:00:00","2022-12-10 20:00:00",22,12,82974.36
CUST0433,"2022-01-13 08:00:00","2022-10-10 13:00:00",83,9,61716.62
CUST0434,"2022-01-03 21:00:00","2022-11-07 16:00:00",55,7,71432.62
CUST0435,"2022-02-02 22:00:00","2022-12-25 21:00:00",7,12,72145.50
CUST0436,"2022-01-07 09:00:00","2022-10-09 11:00:00",84,8,49916.86
CUST0437,"2022-02-11 01:00:00","2022-11-04 17:00:00",58,12,71771.00
CUST0438,"2022-02-10 09:00:00","2022-11-05 04:00:00",57,10,88498.48
CUST0439,"2022-01-19 10:00:00","2022-10-07 06:00:00",86,6,31286.50
CUST0440,"2022-01-29 22:00:00","2022-12-09 18:00:00",23,11,82082.70
CUST0441,"2022-02-03 07:00:00","2022-12-08 02:00:00",24,14,138679.10
CUST0442,"2022-03-07 14:00:00","2022-12-03 09:00:00",29,7,70486.78
CUST0443,"2022-01-25 01:00:00","2022-12-29 07:00:00",3,12,110813.22
CUST0444,"2022-02-09 05:00:00","2022-12-12 03:00:00",20,14,116179.84
CUST0445,"2022-09-29 12:00:00","2022-11-27 05:00:00",35,4,27302.24
CUST0446,"2022-01-19 14:00:00","2022-12-13 16:00:00",19,11,53277.42
CUST0447,"2022-01-04 08:00:00","2022-11-09 01:00:00",53,8,57304.10
CUST0448,"2022-02-06 21:00:00","2022-10-23 00:00:00",70,10,39835.88
CUST0449,"2022-01-17 07:00:00","2022-09-24 17:00:00",99,6,61633.18
CUST0450,"2022-02-18 08:00:00","2022-12-30 07:00:00",2,6,71599.64
CUST0451,"2022-03-11 02:00:00","2022-11-06 16:00:00",56,12,117565.84
CUST0452,"2022-01-03 23:00:00","2022-12-11 10:00:00",21,8,125117.58
CUST0453,"2022-01-12 15:00:00","2022-09-30 05:00:00",93,5,34606.88
CUST0454,"2022-01-04 21:00:00","2022-12-27 19:00:00",5,10,67464.46
CUST0455,"2022-01-02 20:00:00","2022-12-30 07:00:00",2,12,114638.02
CUST0456,"2022-01-21 06:00:00","2022-12-22 16:00:00",10,12,91669.20
CUST0457,"2022-01-28 04:00:00","2022-11-23 09:00:00",39,11,38870.44
CUST0458,"2022-05-19 14:00:00","2022-11-16 13:00:00",46,8,80551.24
CUST0459,"2022-02-03 16:00:00","2022-12-19 10:00:00",13,9,91753.76
CUST0460,"2022-05-28 11:00:00","2022-12-23 14:00:00",9,6,49948.64
CUST0461,"2022-01-23 17:00:00","2022-12-20 04:00:00",12,9,57950.20
CUST0462,"2022-01-02 04:00:00","2022-11-30 15:00:00",32,17,151563.16
CUST0463,"2022-01-14 02:00:00","2022-11-08 21:00:00",54,12,64563.66
CUST0464,"2022-01-14 12:00:00","2022-11-20 15:00:00",42,17,188706.84
CUST0465,"2022-01-15 20:00:00","2022-12-10 17:00:00",22,14,91088.90
CUST0466,"2022-03-30 18:00:00","2022-10-30 00:00:00",63,8,76292.16
CUST0467,"2022-01-07 12:00:00","2022-12-18 11:00:00",14,11,78499.26
CUST0468,"2022-01-05 09:00:00","2022-12-19 17:00:00",13,10,82845.84
CUST0469,"2022-02-06 01:00:00","2022-10-27 19:00:00",66,10,87536.68
CUST0470,"2022-02-13 23:00:00","2022-12-10 13:00:00",22,16,142882.18
CUST0471,"2022-01-02 15:00:00","2022-10-23 03:00:00",70,7,48521.34
CUST0472,"2022-01-27 22:00:00","2022-12-23 09:00:00",9,9,57664.04
CUST0473,"2022-02-02 05:00:00","2022-12-14 19:00:00",18,7,50672.30
CUST0474,"2022-01-13 04:00:00","2022-11-28 21:00:00",34,16,136143.28
CUST0475,"2022-01-13 07:00:00","2022-12-07 07:00:00",25,16,121336.60
CUST0476,"2022-01-25 12:00:00","2022-12-11 13:00:00",21,10,82931.52
CUST0477,"2022-03-10 16:00:00","2022-12-18 08:00:00",14,9,83947.08
CUST0478,"2022-01-11 06:00:00","2022-10-18 13:00:00",75,9,98232.96
CUST0479,"2022-01-16 22:00:00","2022-12-30 16:00:00",2,9,55940.92
CUST0480,"2022-01-14 13:00:00","2022-12-30 02:00:00",2,10,58550.52
CUST0481,"2022-01-20 00:00:00","2022-12-13 09:00:00",19,11,48068.30
CUST0482,"2022-01-24 10:00:00","2022-08-24 00:00:00",130,8,44486.26
CUST0483,"2022-05-23 23:00:00","2022-12-11 18:00:00",21,9,82130.58
CUST0484,"2022-01-31 02:00:00","2022-11-27 03:00:00",35,8,72363.34
CUST0485,"2022-02-13 12:00:00","2022-12-21 15:00:00",11,9,40169.36
CUST0486,"2022-02-25 14:00:00","2022-12-23 20:00:00",9,7,33018.16
CUST0487,"2022-01-30 16:00:00","2022-12-18 05:00:00",14,14,82438.58
CUST0488,"2022-01-09 19:00:00","2022-12-14 11:00:00",18,12,104059.48
CUST0489,"2022-01-04 03:00:00","2022-12-05 11:00:00",27,14,135756.32
CUST0490,"2022-02-01 23:00:00","2022-09-23 02:00:00",100,6,63323.12
CUST0491,"2022-02-27 20:00:00","2022-12-09 02:00:00",23,3,22724.24
CUST0492,"2022-06-16 04:00:00","2022-12-22 23:00:00",10,10,74658.78
CUST0493,"2022-01-14 08:00:00","2022-12-20 21:00:00",12,13,105180.18
CUST0494,"2022-01-05 02:00:00","2022-12-02 11:00:00",30,13,92821.82
CUST0495,"2022-02-06 00:00:00","2022-12-20 22:00:00",12,6,59541.16
CUST0496,"2022-02-27 18:00:00","2022-09-10 10:00:00",113,8,38814.16
CUST0497,"2022-01-10 12:00:00","2022-12-27 12:00:00",5,11,84397.88
CUST0498,"2022-01-23 18:00:00","2022-11-21 01:00:00",41,9,43743.14
CUST0499,"2022-05-14 10:00:00","2022-10-13 19:00:00",80,5,57901.34
CUST0500,"2022-01-29 17:00:00","2022-12-19 13:00:00",13,10,100646.98
